{
  "phase": "phase4_large_sample_dual_regime",
  "n": 100,
  "model": "llama-3.1-8b-instant",
  "forced_abstentions": 0,
  "abstain_abstentions": 16,
  "FORCED": {
    "AP": {
      "abstention_precision": 1.0,
      "abstention_recall": 0.56,
      "f1_abstention": 0.717948717948718,
      "abstention_rate": 0.14,
      "TP": 14,
      "FP": 0,
      "FN": 11,
      "TN": 75,
      "total_queries": 100
    },
    "CCS": {
      "accuracy_at_high": 96.20253164556962,
      "count_high": 79,
      "accuracy_at_medium": 100.0,
      "count_medium": 5,
      "accuracy_at_low": 100.0,
      "count_low": 16,
      "calibration_error": 0.14275,
      "is_well_calibrated": true
    },
    "HR": {
      "HR_overall": 40.61032863849765,
      "HR_inline": 62.72261904761904,
      "total_claims": 426,
      "hallucinated_claims": 173
    },
    "CAR": {
      "CAR_retrieved_overall": 97.5,
      "CAR_retrieved_by_category": {
        "Section Lookup": 94.18604651162791,
        "Punishment Queries": 100.0,
        "Amendment Specific": 100.0
      },
      "CAR_generated_overall": 90.5,
      "CAR_generated_by_category": {
        "Section Lookup": 80.23255813953489,
        "Punishment Queries": 98.75,
        "Amendment Specific": 97.05882352941177
      },
      "CAR_overall": 94.0,
      "individual_scores_retrieved": [
        1.0,
        1.0,
        1.0,
        1.0,
        1.0,
        1.0,
        1.0,
        1.0,
        1.0,
        1.0,
        1.0,
        1.0,
        1.0,
        1.0,
        1.0,
        1.0,
        1.0,
        1.0,
        1.0,
        1.0,
        1.0,
        1.0,
        1.0,
        1.0,
        1.0,
        1.0,
        1.0,
        1.0,
        1.0,
        1.0,
        1.0,
        1.0,
        1.0,
        1.0,
        1.0,
        1.0,
        1.0,
        0.5,
        1.0,
        0.0,
        0.0,
        1.0,
        1.0,
        1.0,
        1.0,
        1.0,
        1.0,
        1.0,
        1.0,
        1.0,
        1.0,
        1.0,
        1.0,
        1.0,
        1.0,
        1.0,
        1.0,
        1.0,
        1.0,
        1.0,
        1.0,
        1.0,
        1.0,
        1.0,
        1.0,
        1.0,
        1.0,
        1.0,
        1.0,
        1.0,
        1.0,
        1.0,
        1.0,
        1.0,
        1.0,
        1.0,
        1.0,
        1.0,
        1.0,
        1.0,
        1.0,
        1.0,
        1.0,
        1.0,
        1.0,
        1.0,
        1.0,
        1.0,
        1.0,
        1.0,
        1.0,
        1.0,
        1.0,
        1.0,
        1.0,
        1.0,
        1.0,
        1.0,
        1.0,
        1.0
      ],
      "individual_scores_generated": [
        1.0,
        1.0,
        0.5,
        1.0,
        1.0,
        1.0,
        1.0,
        1.0,
        1.0,
        0.5,
        0.5,
        1.0,
        1.0,
        1.0,
        1.0,
        1.0,
        1.0,
        1.0,
        1.0,
        1.0,
        0.0,
        0.0,
        0.0,
        0.0,
        1.0,
        1.0,
        1.0,
        1.0,
        1.0,
        1.0,
        1.0,
        1.0,
        1.0,
        1.0,
        0.0,
        0.5,
        1.0,
        1.0,
        1.0,
        0.5,
        1.0,
        0.5,
        0.5,
        1.0,
        1.0,
        1.0,
        1.0,
        1.0,
        1.0,
        1.0,
        1.0,
        1.0,
        1.0,
        1.0,
        1.0,
        1.0,
        1.0,
        1.0,
        1.0,
        1.0,
        1.0,
        0.5,
        1.0,
        1.0,
        1.0,
        1.0,
        1.0,
        1.0,
        1.0,
        1.0,
        1.0,
        1.0,
        1.0,
        1.0,
        1.0,
        1.0,
        1.0,
        1.0,
        1.0,
        1.0,
        1.0,
        1.0,
        1.0,
        0.5,
        1.0,
        1.0,
        1.0,
        1.0,
        1.0,
        1.0,
        1.0,
        1.0,
        1.0,
        1.0,
        1.0,
        1.0,
        1.0,
        1.0,
        1.0,
        1.0
      ]
    },
    "OLR": {
      "OLR_overall": 4.819277108433735,
      "OLR_response_level": 4.0,
      "OLR_ipc_bns": 2.9850746268656714,
      "OLR_crpc_bnss": 0.0,
      "OLR_evidence_bsa": 100.0,
      "applicable_cases": {
        "ipc_cited": 67,
        "crpc_cited": 14,
        "evidence_cited": 2,
        "total": 83
      },
      "violations": {
        "ipc": 2,
        "crpc": 0,
        "evidence": 2,
        "total": 4
      }
    },
    "ACS": {
      "ACS_overall": 73.2072,
      "ACS_by_category": {
        "Section Lookup": 81.01418604651163,
        "Punishment Queries": 67.79725,
        "Amendment Specific": 66.18941176470588
      },
      "individual_scores": [
        88.72,
        80.29,
        85.79,
        79.99,
        83.26,
        80.01,
        80.9,
        83.17,
        85.71,
        83.07,
        83.66,
        85.17,
        88.03,
        75.89,
        81.54,
        84.65,
        69.25,
        83.8,
        75.95,
        76.47,
        70.49,
        74.38,
        74.32,
        68.29,
        83.54,
        86.32,
        81.44,
        79.61,
        83.12,
        80.06,
        84.82,
        83.53,
        82.68,
        84.9,
        74.27,
        81.3,
        83.48,
        78.53,
        81.16,
        78.12,
        85.11,
        88.8,
        80.02,
        69.94,
        58.05,
        63.09,
        64.59,
        75.86,
        65.48,
        68.99,
        68.12,
        76.37,
        80.42,
        62.97,
        79.98,
        62.68,
        71.77,
        77.81,
        60.36,
        66.43,
        79.0,
        80.14,
        79.98,
        63.26,
        62.0,
        60.32,
        61.56,
        60.05,
        62.68,
        76.89,
        68.44,
        64.41,
        64.72,
        76.21,
        63.93,
        60.5,
        64.02,
        69.78,
        63.23,
        61.64,
        62.8,
        69.36,
        64.06,
        83.9,
        69.63,
        73.85,
        64.21,
        80.86,
        67.09,
        67.33,
        57.04,
        57.43,
        61.81,
        63.16,
        64.75,
        61.81,
        62.98,
        60.13,
        64.32,
        64.92
      ]
    }
  },
  "ABSTAIN": {
    "AP": {
      "abstention_precision": 0.875,
      "abstention_recall": 0.56,
      "f1_abstention": 0.6829268292682927,
      "abstention_rate": 0.16,
      "TP": 14,
      "FP": 2,
      "FN": 11,
      "TN": 73,
      "total_queries": 100
    },
    "CCS": {
      "accuracy_at_high": 96.20253164556962,
      "count_high": 79,
      "accuracy_at_medium": 100.0,
      "count_medium": 5,
      "accuracy_at_low": 87.5,
      "count_low": 16,
      "calibration_error": 0.12275,
      "is_well_calibrated": true
    },
    "HR": {
      "HR_overall": 39.85849056603774,
      "HR_inline": 59.722619047619055,
      "total_claims": 424,
      "hallucinated_claims": 169
    },
    "CAR": {
      "CAR_retrieved_overall": 95.5,
      "CAR_retrieved_by_category": {
        "Section Lookup": 89.53488372093024,
        "Punishment Queries": 100.0,
        "Amendment Specific": 100.0
      },
      "CAR_generated_overall": 88.5,
      "CAR_generated_by_category": {
        "Section Lookup": 75.5813953488372,
        "Punishment Queries": 98.75,
        "Amendment Specific": 97.05882352941177
      },
      "CAR_overall": 92.0,