{
  "with_middleware": {
    "intention": {
      "olr_mean": 0.02,
      "olr_std": 0.13999999999999999,
      "transition_accuracy_mean": 0.4,
      "transition_accuracy_std": 0.4898979485566356,
      "n_queries": 50,
      "olr_scores": [
        0.0,
        0.0,
        0.0,
        0.0,
        0.0,
        0.0,
        0.0,
        0.0,
        0.0,
        0.0,
        0.0,
        0.0,
        0.0,
        0.0,
        0.0,
        0.0,
        0.0,
        0.0,
        0.0,
        0.0,
        0.0,
        0.0,
        0.0,
        0.0,
        0.0,
        0.0,
        0.0,
        0.0,
        0.0,
        0.0,
        0.0,
        0.0,
        1.0,
        0.0,
        0.0,
        0.0,
        0.0,
        0.0,
        0.0,
        0.0,
        0.0,
        0.0,
        0.0,
        0.0,
        0.0,
        0.0,
        0.0,
        0.0,
        0.0,
        0.0
      ],
      "transition_scores": [
        0.0,
        0.0,
        0.0,
        0.0,
        0.0,
        1.0,
        0.0,
        0.0,
        0.0,
        0.0,
        1.0,
        0.0,
        0.0,
        1.0,
        0.0,
        0.0,
        0.0,
        1.0,
        0.0,
        1.0,
        1.0,
        1.0,
        0.0,
        1.0,
        1.0,
        1.0,
        0.0,
        1.0,
        0.0,
        1.0,
        0.0,
        0.0,
        1.0,
        1.0,
        0.0,
        0.0,
        1.0,
        0.0,
        0.0,
        0.0,
        1.0,
        0.0,
        0.0,
        1.0,
        0.0,
        1.0,
        1.0,
        1.0,
        0.0,
        0.0
      ]
    },
    "conditional": {
      "olr_mean": 0.058823529411764705,
      "olr_std": 0.23529411764705885,
      "transition_accuracy_mean": 1.0,
      "transition_accuracy_std": 0.0,
      "n_queries": 17,
      "olr_scores": [
        0.0,
        0.0,
        0.0,
        0.0,
        0.0,
        0.0,
        0.0,
        0.0,
        0.0,
        0.0,
        0.0,
        1.0,
        0.0,
        0.0,
        0.0,
        0.0,
        0.0
      ],
      "transition_scores": [
        1.0,
        1.0,
        1.0,
        1.0,
        1.0,
        1.0,
        1.0,
        1.0,
        1.0,
        1.0,
        1.0,
        1.0,
        1.0,
        1.0,
        1.0,
        1.0,
        1.0
      ]
    },
    "attrition": {
      "total_queries": 50,
      "answered_queries": 17,
      "abstained_or_uncertain": 33,
      "errors": 0
    }
  },
  "without_middleware": {
    "intention": {
      "olr_mean": 0.02,
      "olr_std": 0.13999999999999999,
      "transition_accuracy_mean": 0.4,
      "transition_accuracy_std": 0.4898979485566356,
      "n_queries": 50,
      "olr_scores": [
        0.0,
        0.0,
        0.0,
        0.0,
        0.0,
        0.0,
        0.0,
        0.0,
        0.0,
        0.0,
        0.0,
        0.0,
        0.0,
        0.0,
        0.0,
        0.0,
        0.0,
        0.0,
        0.0,
        0.0,
        0.0,
        0.0,
        0.0,
        0.0,
        0.0,
        0.0,
        0.0,
        0.0,
        0.0,
        0.0,
        0.0,
        0.0,
        1.0,
        0.0,
        0.0,
        0.0,
        0.0,
        0.0,
        0.0,
        0.0,
        0.0,
        0.0,
        0.0,
        0.0,
        0.0,
        0.0,
        0.0,
        0.0,
        0.0,
        0.0
      ],
      "transition_scores": [
        0.0,
        0.0,
        0.0,
        0.0,
        0.0,
        1.0,
        0.0,
        0.0,
        0.0,
        0.0,
        1.0,
        0.0,
        0.0,
        1.0,
        0.0,
        0.0,
        0.0,
        1.0,
        0.0,
        1.0,
        1.0,
        1.0,
        0.0,
        1.0,
        1.0,
        1.0,
        0.0,
        1.0,
        0.0,
        1.0,
        0.0,
        0.0,
        1.0,
        1.0,
        0.0,
        0.0,
        1.0,
        0.0,
        0.0,
        0.0,
        1.0,
        0.0,
        0.0,
        1.0,
        0.0,
        1.0,
        1.0,
        1.0,
        0.0,
        0.0
      ]
    },
    "conditional": {
      "olr_mean": 0.0625,
      "olr_std": 0.24206145913796356,
      "transition_accuracy_mean": 1.0,
      "transition_accuracy_std": 0.0,
      "n_queries": 16,
      "olr_scores": [
        0.0,
        0.0,
        0.0,
        0.0,
        0.0,
        0.0,
        0.0,
        0.0,
        0.0,
        1.0,
        0.0,
        0.0,
        0.0,
        0.0,
        0.0,
        0.0
      ],
      "transition_scores": [
        1.0,
        1.0,
        1.0,
        1.0,
        1.0,
        1.0,
        1.0,
        1.0,
        1.0,
        1.0,
        1.0,
        1.0,
        1.0,
        1.0,
        1.0,
        1.0
      ]
    },
    "attrition": {
      "total_queries": 50,
      "answered_queries": 16,
      "abstained_or_uncertain": 34,
      "errors": 0
    }
  },
  "improvement": {
    "olr_reduction_absolute": 0.003676470588235295,
    "olr_reduction_percent": 5.882352941176472,
    "transition_accuracy_gain": 0.0,
    "p_value_conditional": null,
    "t_statistic_conditional": null,
    "p_value_intention": null,
    "t_statistic_intention": null,
    "significant_conditional": false,
    "matched_pairs_conditional": 14,
    "matched_pairs_intention": 50
  }
}